{
    "parent": "minecraft:item/generated",
	"textures": {
		"layer0": "item/music_disc_13"
	},
    "overrides": [
    	{
            "predicate": {
            	"custom_model_data": 20010
            },
            "model": "item/storage_container_creative"
        },
		{
            "predicate": {
            	"custom_model_data": 20011
            },
            "model": "item/storage_container_1k"
        },
		{
            "predicate": {
            	"custom_model_data": 20012
            },
            "model": "item/storage_container_4k"
        },
		{
            "predicate": {
            	"custom_model_data": 20013
            },
            "model": "item/storage_container_16k"
        },
		{
            "predicate": {
            	"custom_model_data": 20014
            },
            "model": "item/storage_container_64k"
        },
		{
            "predicate": {
            	"custom_model_data": 20015
            },
            "model": "item/storage_container_256k"
        },
		{
            "predicate": {
            	"custom_model_data": 20016
            },
            "model": "item/storage_container_1024k"
        }
    ]
}