{
    "parent": "minecraft:item/generated",
	"textures": {
		"layer0": "item/flower_banner_pattern"
	},
    "overrides": [
		{
            "predicate": {
            	"custom_model_data": 20020
            },
            "model": "item/storage_wrench"
        },
		{
            "predicate": {
            	"custom_model_data": 20021
            },
            "model": "item/sorter_wrench"
        },
		{
            "predicate": {
            	"custom_model_data": 20022
            },
            "model": "item/link_module_disconnected"
        },
		{
            "predicate": {
            	"custom_model_data": 20023
            },
            "model": "item/link_module_connected"
        },
		{
            "predicate": {
            	"custom_model_data": 20025
            },
            "model": "item/terminal"
        }
    ]
}